6-bedroom-house-for-rent-in-upanga/Mydalai  (10).jpeg,jpeg,1,1,282024
6-bedroom-house-for-rent-in-upanga/Mydalai  (11).jpeg,jpeg,1,2,154885
6-bedroom-house-for-rent-in-upanga/Mydalai  (12).jpeg,jpeg,1,3,547791
6-bedroom-house-for-rent-in-upanga/Mydalai  (1).jpeg,jpeg,1,4,386121
6-bedroom-house-for-rent-in-upanga/Mydalai  (2).jpeg,jpeg,1,5,700137
godown-for-rent/Real Estate  (2).jpeg,jpeg,2,6,593457
godown-for-rent/Real Estate  (3).jpeg,jpeg,2,7,842607
godown-for-rent/Real Estate  (4).jpeg,jpeg,2,8,938920
godown-for-rent/Real Estate  (5).jpeg,jpeg,2,9,228817
godown-for-rent/Real Estate  (1).jpeg,jpeg,2,10,647453
investment-property-for-sale/WhatsApp Image 2025-09-13 at 18.34.26.jpeg,jpeg,5,12,864671
investment-property-for-sale/WhatsApp Image 2025-09-13 at 18.34.25.jpeg,jpeg,5,13,293037
penthouse-for-sale-at-mikocheni/Appartment Upanga.png,png,7,14,808041
office-space-for-sale-in-the-city-center/images.jpg,jpg,8,15,309859
property-for-sale/IMG-20250916-WA0004.jpg,jpg,9,16,449994
property-for-sale/IMG-20250916-WA0005.jpg,jpg,9,17,157495
property-for-sale/IMG-20250916-WA0006.jpg,jpg,9,18,871017
eneo-la-biashara-ofisi-linapangishwa/IMG-20250916-WA0008.jpg,jpg,12,25,297660
eneo-la-biashara-ofisi-linapangishwa/IMG-20250916-WA0009.jpg,jpg,12,26,982264
eneo-la-biashara-ofisi-linapangishwa/IMG-20250916-WA0010.jpg,jpg,12,27,236964
yard/IMG-20250916-WA0011.jpg,jpg,14,28,876398
nyumba-inauzwa-kigambonk/IMG-20250916-WA0014.jpg,jpg,15,29,764922
nyumba-inauzwa-kigambonk/IMG-20250916-WA0013.jpg,jpg,15,30,523314
nyumba-inauzwa-kigambonk/IMG-20250916-WA0012.jpg,jpg,15,31,822105